,ID,Avg_sub1,Avg_sub2,Avg_sub3,Avg_sub4,Avg_sub5
0,1.0,0.8571428571428571,0.7272727272727273,0.75,0.4,0.5
1,2.0,0.2857142857142857,0.6363636363636364,0.375,0.8,0.375
2,3.0,0.8571428571428571,0.18181818181818182,0.875,0.6,0.5
3,4.0,0.5714285714285714,0.8181818181818182,0.75,1.0,0.625
4,5.0,0.42857142857142855,0.6363636363636364,0.625,0.4,0.75
